"","DC129","DC105","DC107","DC116","DC121","DC133","DC54","DC55"
"k141_101903_10_Binds_and_transfers_iron-sulfur__Fe",-0.510451934994409,-1.17421842085449,-0.619318784191752,-0.0394142028102092,-0.562688131553976,0.000856720635859158,1.9209802339382,0.984254519830776
"k141_101903_20_protein_conserved_in_bacteria",-0.671580743877349,-1.09467895202507,-0.834923076570234,0.273187673806139,0.375246849337369,-0.511461706591677,1.98720782488273,0.47700213103809
"k141_101903_25_belongs_to_the_aldehyde_dehydrogena",-0.376216195144068,-1.24813985719835,-0.948247326239371,0.302212470237743,0.152919175350068,0.0772231508664208,2.06880157098374,-0.0285529888561781
"k141_101903_8_Protein_of_unknown_function__DUF3108",-0.243268467585745,-0.892620539166536,-0.311820660015208,-0.892620539166536,0.2961679192125,-0.892620539166536,1.63150476042685,1.30527806546121
"k141_105059_11_Trypsin",-0.939883788724922,-0.939883788724922,-0.939883788724922,0.796406133712553,-0.166555381050905,-0.17223470226936,1.84002515296874,0.522010162813741
"k141_105059_14_Catalyzes_the_condensation_of_panto",0.113498967917099,-0.907184992812161,-0.907184992812161,0.517183941105245,-0.907184992812161,-0.190927976878595,2.03837584560848,0.243424200684255
"k141_105059_17_Adds_poly_A__tail_to_the_3'_end_of_",-0.625656702341539,-1.32275824851707,-0.453040960790964,0.479875835272475,-0.594619659338797,-0.0551529599217527,1.90244034093957,0.668912354698085
"k141_105059_25_Presumably_involved_in_the_processi",-0.679973357941198,-0.724117496209345,-0.795577573244475,0.15235168005448,-0.116122867683704,-0.702160781267653,2.04304124721798,0.822559149073915
"k141_105059_42_PGAP1-like_protein",-0.812456524239225,-0.812456524239225,-0.812456524239225,0.502428410309079,-0.00971472577423543,-0.812456524239225,1.76989651472524,0.987215897696813
"k141_105059_44_reductase__alpha_subunit",-0.24780090602846,-1.44774704082359,-0.324852573122263,-0.251924020933855,-0.0930778535889367,-0.36483688831097,1.99945220306828,0.730787079739796
"k141_105059_45_Adenosine-5'-phosphosulfate_reducta",-0.670069415124468,-1.12322706031358,-0.468516967162902,-0.660407483381513,0.0192176599169426,0.0611476524134415,1.96477601128983,0.877079602362252
"k141_105059_48_Type_II_secretion_system",-0.520850699952455,-1.37827775513611,-0.448190309889159,0.037526677077508,-0.249346063843093,-0.0781982012483575,2.05376076761846,0.583575585373207
"k141_105059_49_Cleaves_type-4_fimbrial_leader_sequ",-0.766439188492783,-0.766439188492783,-0.766439188492783,-0.766439188492783,0.501273739148151,-0.113964249646679,1.97127615985437,0.707171104615287
"k141_105059_53_Thiamine_monophosphate_synthase",0.214418719109055,-1.28277573837831,-1.28277573837831,0.231180935166806,-0.358499955009348,-0.00145472908164076,1.69054193685447,0.789364569717275
"k141_105059_54_Catalyzes_two_activities_which_are_",-0.532515100389484,-0.786222052691013,-1.33587965107855,0.212395616666932,0.134864106472085,-0.178933610524332,1.99400150575044,0.492289185793922
"k141_105059_55_Part_of_the_Sec_protein_translocase",-0.7656402603529,-0.788031323262917,-1.31128937987435,-0.235999753583672,0.149386844441081,0.19639484384097,1.66151978708095,1.09365924171083
"k141_105059_65_Cell_wall_formation__Catalyzes_the_",-0.409343701912811,-1.15810908586186,-1.15810908586186,0.31745391072485,-0.257272775013634,0.0907178463118752,1.86194606780564,0.712716823807798
"k141_105059_68_First_step_of_the_lipid_cycle_react",-0.147015472257002,-0.863306200538509,-0.863306200538509,-0.863306200538509,0.339984692648096,-0.00786881186345933,2.13387752942665,0.270940663661241
"k141_105059_69_Involved_in_cell_wall_formation__Ca",-0.240939683657001,-0.962814194123203,-0.962814194123203,-0.962814194123203,0.969608853314474,-0.100708317552931,1.70284117579552,0.557640554469546
"k141_105059_7_Domain_of_unknown_function__DUF2760_",-0.956857002420776,-0.956857002420776,-0.956857002420776,0.265876046416797,-0.210374248776909,0.0779900124335526,1.80810923259277,0.928969964596117
"k141_105059_74_Belongs_to_the_MraZ_family",-1.08447863464991,-1.08447863464991,-0.487949267857438,0.548484233392363,-0.196215923657748,-0.290846679570529,1.8534039101248,0.742080996868376
"k141_110203_2_Belongs_to_the_class-II_aminoacyl-tR",-0.368153816859258,-1.11027408794583,-1.11027408794583,0.3521936416077,-0.217432482895343,-0.223989508632357,1.88297880191884,0.794951540752069
"k141_114613_1_Tetratricopeptide_repeat",-0.624668800440614,-1.18723161131484,-1.18723161131484,0.14882088061871,-0.137085323210281,0.475110954508702,1.68526475904914,0.827020752104024
"k141_114613_2_TIGRFAM_CRISPR-associated_protein",-0.564094972314258,-1.12699816140974,-0.624405232910935,0.393521760691207,-0.449771832442614,-0.454745380319082,1.894551916388,0.931941902317423
"k141_116678_38_Protein_of_unknown_function__DUF101",-0.598607346253019,-1.17804339088227,-0.660688960867517,-0.35651664294169,0.308757287304506,-0.00846633241068603,2.10873747316196,0.384827912888712
"k141_116678_42_CNP1-like_family",-0.958389076525142,-0.958389076525142,-0.958389076525142,-0.180324298114821,-0.0364953582637897,0.306236937805737,1.73685166038129,1.04889828776701
"k141_116678_47_Protein_of_unknown_function__DUF350",-0.6258168688109,-0.6258168688109,-0.6258168688109,-0.6258168688109,0.239457870199066,-0.6258168688109,2.08099543675542,0.808631037100013
"k141_116678_48_Cysteine-rich_domain",0.00039561742952151,-1.07749470272396,-0.38412159961884,-1.07749470272396,0.205880940517772,-0.416958373021164,1.8913938679766,0.858398952164028
"k141_116678_52_Converts_GTP_to_7_8-dihydroneopteri",-0.827887519431694,-1.12313822805636,-0.664086789874345,0.374602916217554,-0.000253599672959789,-0.491335793044553,1.86516408791935,0.866934925943003
"k141_116754_15_PFAM_binding-protein-dependent_tran",-0.759992001444383,-0.759992001444383,-0.759992001444383,0.0945809584468754,0.365161378103103,-0.759992001444383,2.07068249490457,0.509543174322984
"k141_116754_3_Pyrophosphatase_that_catalyzes_the_h",-0.354227864260114,-1.16570687355818,-1.16570687355818,1.25037330890657,-0.470765634194631,-0.19658992527103,1.2988626782773,0.803761183658277
"k141_116754_5_PFAM_YicC-like",-0.896212084904524,-0.821121444511205,-0.709883873058792,-0.0336185503396507,-0.299705275170629,-0.117059967709679,2.06076423960718,0.816836956087296
"k141_116754_8_In_eubacteria_ppGpp__guanosine_3'-di",-0.586528263639355,-1.12656977203128,-0.590143714056249,0.222483468662075,-0.132254335406527,-0.54853946011182,2.03559851929525,0.725953557287918
"k141_116756_7_AIR_synthase_related_protein__N-term",-0.401992043668888,-0.781523492041447,-0.985838350227404,0.00884476935231441,-0.0316279881167019,-0.527799918111971,2.15905115990517,0.560885862908923
"k141_11890_1_Integrase",-0.231165970973985,-0.916870582768924,-0.916870582768924,0.055324165896037,-0.916870582768924,0.226780559607506,1.95233129977473,0.747341694002481
"k141_121273_10_Sulfatase-modifying_factor_enzyme_1",-0.0317977781056611,-0.835570936479873,-0.835570936479873,0.49163887482798,-0.482365376124651,-0.835570936479873,2.0493309970191,0.47990609182285
"k141_121273_5_Phospholipase_Carboxylesterase",-0.773185121786547,-0.795595390233158,-1.31930226215073,0.438089770933039,0.0173210501443601,-0.216978572541911,1.69834096694265,0.951309558692297
"k141_134750_13_Peptidase__M16",-0.738213574818244,-1.38360687449282,-0.338725796054225,-0.0126126923497859,-0.102803548671174,-0.210027552542102,1.8880849602523,0.897905078676058
"k141_134750_14_oxidoreductase_activity",-0.129488702048785,-1.44905403587254,-0.683705822452905,0.200050924729544,-0.0324584810368595,-0.430822859428132,1.9699583843094,0.555520591800278
"k141_134750_18_Transposase_IS66_family",-0.701118192251127,-0.491774792175084,-0.766128323836253,-0.447607574405024,0.0166058039905047,0.368677906874272,2.29522861455451,-0.273883442751801
"k141_134750_5_Transglutaminase-like_superfamily",-0.417433680828776,-1.17503416904887,-0.639290367331746,-0.2257371163073,0.0182923719971802,-0.441933496780169,2.00593577867582,0.875200679623865
"k141_134750_6_Belongs_to_the_PEP-utilizing_enzyme_",-1.27624534353395,-0.64748362337587,-0.288004261684396,-0.0134936806585554,-0.132095863618221,-0.332656327419084,2.09423280738736,0.595746292902719
"k141_137401_12_Belongs_to_the_sulfur_carrier_prote",-0.912570776053697,-0.928847313544013,-0.538846718724706,0.128375841118453,-0.166715919933211,-0.508598964082452,1.92560452648407,1.00159932473556
"k141_137401_13_DsrE_DsrF_DrsH-like_family",-0.819006336553132,-1.28917715924709,-0.480357511202519,0.259966174641375,-0.232806831866179,-0.186107782639835,1.876606963112,0.870882483755384
"k141_137401_18_Belongs_to_the_sigma-70_factor_fami",-0.366625223089103,-1.79062639192025,-0.595994003022913,0.49168133722264,0.366523710453669,-0.335817435596868,1.51966097821076,0.711197027742058
"k141_137401_19_PFAM_Anti_sigma-E_protein_RseA",-0.799204837980274,-1.52296256003767,-0.682318988785402,0.436628550443457,0.375518026416083,-0.2121073568035,1.59526719821796,0.809179968529353
"k141_137401_2_Belongs_to_the_RtcB_family",-0.880717204778726,-0.880717204778726,-0.389972496659798,-0.880717204778726,0.464511681853184,-0.224312237395152,1.81870593950942,0.973218727028521
"k141_137401_21_PFAM_Positive_regulator_of_sigma_E_",-0.195877198020998,-1.03478402886182,-0.500375350638171,0.144729250431406,-0.158526560187892,-1.03478402886182,1.9644764936576,0.815141422481686
"k141_137401_22_Belongs_to_the_peptidase_S1C_family",-1.08799470781824,-1.12116365651308,-0.365243657169768,0.161277180700411,0.502956090920693,-0.473602515951795,1.92720849280248,0.456562773029294
"k141_137401_23_Required_for_accurate_and_efficient",-0.532080105886984,-0.743827710661952,-0.798054998982528,-0.372567046916315,-0.0896084270350369,-0.344194455646547,2.18624118687488,0.69409155825448
"k141_137401_31_Uncharacterised_signal_transduction",-0.280683689906854,-1.06626169991897,-1.06626169991897,0.047533953286942,-0.39350177681658,-0.128077279889452,1.83463064427319,1.0526215488907
"k141_137401_65_PFAM_4Fe-4S_ferredoxin_iron-sulfur_",-0.407408817156579,-1.44763781052958,-0.378798040805945,-0.243102177533945,0.370357592420962,-0.428191983596029,1.97545315802588,0.559328079175233
"k141_137401_69_PilZ_domain",-0.373811715199585,-0.962123337801357,-0.436844272055731,-0.128012759815265,0.0261765101262206,-0.962123337801357,2.04184878389006,0.794890128657014
"k141_137401_71_The_UvrABC_repair_system_catalyzes_",-1.57598314582876,-1.03852572925641,-0.304218051938817,0.727879528237723,0.141090765493101,-0.0273857422217265,1.60313623977485,0.474006135740032
"k141_137401_8_Histidine_kinase",-0.515412914476705,-0.994654555436717,-0.566759555986271,-0.994654555436717,0.178290774758445,0.226766595610024,1.96421845977857,0.702205751189373
"k141_142133_7_radical_SAM_protein",-0.933099203149842,-0.933099203149842,-0.439106205275678,-0.148668960545353,-0.459284075415435,-0.0103267398124479,1.99047626585797,0.933108121490627
"k141_143192_20_PFAM_Preprotein_translocase_SecG_su",-0.702153556784035,-1.31287469421079,-1.10282109022722,0.552871525359805,0.0750984416087366,0.242211549187112,1.70312123458582,0.544546590480578
"k141_143192_21_Involved_in_the_gluconeogenesis__Ca",-0.328121026241151,-1.21841256625903,-0.839618870374976,0.536747615919325,0.136808500025931,-0.71019556664,1.90302263464353,0.519769278926371
"k141_143192_22_Catalyzes_the_conversion_of_glucosa",-0.793128424042949,-0.838395207155097,-1.20012243167621,0.659989793099319,0.227165730398107,-0.0708584417074465,1.9309077914958,0.0844411895884828
"k141_143192_25_Specifically_methylates_the_uridine",-0.515992037374105,-0.816077775182658,-0.640762884998144,-0.208762162096611,0.299668063703671,-0.796925946578234,2.14583589696998,0.5330168455561
"k141_143192_27_Belongs_to_the_CarB_family",-0.371500567810229,-1.24132740807798,-0.510612129833098,0.137771565503054,-0.117344715237331,-0.650423368251391,2.014629309615,0.738807314091975
"k141_143192_28_Belongs_to_the_CarA_family",-0.519059997877091,-0.794716250739106,-0.835884729402645,-0.50896627991351,-0.126012229790478,0.195289256472535,2.22603663477041,0.363313596479885
"k141_143192_30_ATP_binding_to_DnaK_triggers_the_re",-1.12175353575398,-0.370809876084028,-0.623255479150244,-0.33016953929591,0.0969750487504176,-0.190565681592719,2.22798037263722,0.311598690489241
"k141_143192_31_Heat_shock_70_kDa_protein",-0.377438583405405,-0.746588745297356,-0.834906682765489,-1.00539998701412,0.331943011852437,0.291134528605825,2.08072731162717,0.260529146396939
"k141_143192_33_Negative_regulator_of_class_I_heat_",-0.774103392711727,-0.909775273245432,-0.602615426641614,-0.255898165269267,-0.168818350493034,-0.148972515375156,2.138409100023,0.721774023713228
"k141_143192_34_May_be_involved_in_recombinational_",-0.298517896757713,-1.11660247377399,-0.595458192423661,0.269603653708773,0.157491625328038,-1.11660247377399,1.75003859502702,0.950047162665517
"k141_143192_36_Part_of_the_outer_membrane_protein_",-0.73751372413466,-0.73751372413466,-0.307585942940379,-0.73751372413466,-0.325146975132624,-0.162455600178825,2.05986848036591,0.947861210289901
"k141_143273_4_ATPase_family_associated_with_variou",-0.225729089984707,-1.0768732556396,-0.725276559127086,-0.518559508013355,0.226237574533071,-0.420095222067577,2.08155003811423,0.658746022185018
"k141_145339_6_Protein_of_unknown_function__DUF2892",-0.97678666341127,-0.679153969111461,-0.699671152403212,-0.0527010192743818,-0.299294364291776,-0.350314895860324,1.8487885348234,1.20913352952902
"k141_148677_3_Belongs_to_the_membrane_fusion_prote",0.610607779861884,1.0728815982315,1.14900253237912,-0.359259961328658,0.246286829134786,0.0665514420294823,-1.59381950102584,-1.19225071928228
"k141_15043_10_PFAM_transposase_IS111A_IS1328_IS153",-0.318313909678732,-1.38728040209326,-0.575317569551695,-0.190303191361133,-0.30531622041536,-0.0455338716625703,1.92562295607432,0.896442208688435
"k141_15043_13_PFAM_Type_II_secretion_system_protei",-0.584968007798804,-1.47389133559385,-0.907620656675923,0.0323477483234399,0.41247716665644,-0.0123740171399263,1.64097501204766,0.89305409018096
"k141_15043_23_Type_II_and_III_secretion_system_pro",-0.188824935370749,-0.985930444519557,-0.478150455266102,0.364727631766805,-0.498891475334839,-0.985930444519557,1.91796775196562,0.855032371278376
"k141_15043_26_pfam_abc",-0.854651882041502,-0.854651882041502,-0.854651882041502,0.265984940260291,-0.367657798060272,-0.175523642459668,1.9382192553818,0.902932891002354
"k141_151392_19_FeS_assembly_SUF_system_protein_Suf",-0.674004276403714,-1.61737703387892,-0.679965003472117,0.551645892078156,0.496443991820158,-0.2879376285681,1.54666951334115,0.664524545083391
"k141_151392_24_PFAM_Radical_SAM",-0.834347094771397,-0.764915685922137,-0.662061571714869,-0.151734480657459,-0.502434490459851,-0.199641364012628,1.79536020461036,1.31977448292798
"k141_151392_3_COG0790_FOG_TPR_repeat__SEL1_subfami",-1.10056480970359,-0.660552675736781,-0.690884725192671,-0.450018244335086,-0.0358870796706799,0.0688620848077169,1.95933143895834,0.909714010872755
"k141_151392_6_Catalyzes_the_interconversion_of_2-p",-0.0816655068811597,-1.02345211547029,-1.02345211547029,-0.0707748134653342,0.775295035389975,-1.02345211547029,1.5771234682119,0.870378163155479
"k141_151392_9_PFAM_ErfK_YbiS_YcfS_YnhG_family_prot",-1.29961904638676,-1.1198791696581,-0.432581767767347,0.243114973365746,0.211939954177629,0.0405240269893809,1.8809310295672,0.475569999712255
"k141_151495_3_OsmC-like_protein",-0.492097637294165,-1.00374650778147,-1.00374650778147,1.09948468069116,-0.388184022095286,-0.392704710914617,1.74268078979743,0.438313915378421
"k141_153721_10_Bacterial_transferase_hexapeptide__",-0.0265522357595227,-1.03900881523537,-0.507833637350607,-0.195535576856056,0.0715303771597502,-1.03900881523537,1.99868206215628,0.737726641120887
"k141_153721_4_Involved_in_the_restart_of_stalled_r",-1.06232170851717,-1.06232170851717,-0.470713969828794,0.212422570616146,-0.494561710123683,0.140428818178343,1.85132202069572,0.885745687496613
"k141_153721_9_Involved_in_the_biosynthesis_of_the_",-0.788567086065378,-0.788567086065378,-0.788567086065378,0.16156298355243,0.192520448164393,-0.788567086065378,1.9143702558419,0.885814656702788
"k141_15476_10_COG1278_Cold_shock_proteins",-1.06903253838348,-1.10098064688932,-0.873072753445455,0.80883068982948,0.374139222563435,-0.300292940331177,1.65670620490229,0.503702761754222
"k141_15476_2_Catalyzes_the_conversion_of_dihydroor",-0.473459191978599,-1.00861709509475,-0.337727396123133,-1.00861709509475,0.1595585184708,-0.116054996600956,1.98842421647676,0.796493039944636
"k141_15476_22_Belongs_to_the_FAD-dependent_oxidore",-0.432393300138927,-0.819126262571132,-0.734015051671919,-0.331254430221955,-0.296881289122073,-0.364656797088129,2.13616869590198,0.842158434912153
"k141_15476_3_Oxidoreductase_required_for_the_trans",-0.429768987551283,-1.61137798253071,-0.50942243287617,0.149454370166793,0.0775422952874196,-0.194314109302879,1.86030185378456,0.657584993022265
"k141_15476_34_Outer_Membrane_Lipoprotein",-0.219236505847233,-0.963150465489278,-0.963150465489278,0.0915737300056134,0.286544466482341,-0.963150465489278,1.78388965370906,0.946680052118054
"k141_15476_5_General__non_sugar-specific__componen",-0.815501586745643,-1.72707288583272,-0.443780793299762,0.528658287901808,0.413387177040263,0.130245540851554,1.61128039188491,0.302783868199598
"k141_15476_62_electron_transfer_flavoprotein_beta_",-0.129287940871846,-1.31245163445138,-0.551359465461735,-0.451687280426143,0.985023175724783,-0.58740327936146,1.84272246227292,0.204443962574863
"k141_15476_66_dehydrogenase_domain_of_multifunctio",-0.382467912395294,-1.35312914274252,-0.483513474801817,-0.229149666137628,0.442967893814883,-0.671975188060829,1.84103455803515,0.836232932288058
"k141_15476_7_Belongs_to_the_universal_stress_prote",-0.606986457355078,-1.05144871464245,-1.05144871464245,0.271883669043543,-0.147977851823957,-0.154312845553714,1.89275949469345,0.847531420280647
"k141_15476_71_Protein_of_unknown_function__DUF1302",-0.109110156305564,-1.78906544820356,-1.0950975462259,0.712083552649362,0.658532786185095,0.00203224579957188,1.21906442157869,0.401560144522306
"k141_15476_72_Belongs_to_the_aldehyde_dehydrogenas",-0.632283164530204,-1.41082989107538,-0.594620758311624,0.435625824484058,0.0841158947671206,-0.381621567153315,1.87817319684654,0.621440464972807
"k141_15476_73_Involved_in_the_biosynthesis_of_the_",-0.628524987575417,-0.654900166907842,-1.27126327283655,-0.359986354250412,0.0352488181910181,0.366854263512857,2.01061628944286,0.501955410423491
"k141_155751_10_Thiamine_pyrophosphate_enzyme__N-te",-0.33270318760227,-0.838039156734659,-0.759787538792054,-0.483856842779973,-0.164376845244682,-0.259063944076883,2.21101161610785,0.626815899122674
"k141_155751_11_Domain_of_unknown_function__DUF4124",-0.834071868847637,-0.834071868847637,-0.834071868847637,-0.834071868847637,0.466659992600556,0.100877933161835,1.6639830096821,1.10476653994606
"k141_155751_16_Gliding_motility_protein_GldG",0.243261414232945,-0.923034528486876,-0.923034528486876,0.42748062786247,-0.923034528486876,-0.104595438848326,2.04080166133126,0.162155320882282
"k141_155751_22_Belongs_to_the_HesB_IscA_family",-0.351048884378987,-1.50505924519017,-0.593263777469854,-0.0138815184674504,0.14521498074294,-0.333327758580613,1.87900967144836,0.772356531895771
"k141_155751_8_Involved_in_the_biosynthesis_of_bran",-1.21698569288283,-1.21698569288283,-0.431480963224032,-0.201719722568269,0.0439445361996188,0.394997122530408,1.62976816300815,0.998462249819789
"k141_158408_18_Cytochrome_c554_and_c-prime",-0.986950138766135,-0.79610418828357,-0.69671611258516,-0.0459162972109166,0.448204228071465,-0.617526290858882,1.93523900492688,0.75976979470632
"k141_166672_4_Proton-conducting_membrane_transport",1.55402651805182,0.990924312571284,0.638704835271063,-0.778445683190197,-0.010089019770779,-0.131344863335039,-1.20064364473655,-1.0631324548616
"k141_167532_23_Allows_the_formation_of_correctly_c",-0.577063648342349,-1.22591518533963,-0.646582539055584,0.0527514555006368,-0.670246232579068,0.691405881750533,1.89286009932208,0.482790168743387
"k141_167532_25_Allows_the_formation_of_correctly_c",-0.624068426856859,-0.649950711362472,-0.691645418049487,0.448930709475664,0.121994178927123,-1.2547953293021,1.77686193365311,0.872673063515027
"k141_167532_5_Urate_oxidase_N-terminal",-0.801859503792483,-0.985710740867542,-0.657704007850435,0.0413773179079656,-0.367432363777381,-0.156661283702168,1.96648673524353,0.961503846838516
"k141_171717_3_Belongs_to_the_membrane_fusion_prote",-0.777674898334069,-0.777674898334069,-0.777674898334069,-0.777674898334069,0.398475270403092,0.342106280052193,2.05002664899525,0.320091393885741
"k141_171717_5_MacB-like_periplasmic_core_domain",-0.314151055961616,-1.14108594410653,-1.14108594410653,-0.30458849236228,0.372808742429975,0.21851349767593,1.97654427586968,0.333044920561363
"k141_173944_16_Involved_in_the_biosynthesis_of_the",-0.096118720956319,-0.685362859020454,-0.724713613650276,-0.083130684995149,-0.0461843247981107,-1.25620491646376,1.78329381990188,1.10842129998219
"k141_173944_22_Methylates_the_class_1_translation_",-0.928556283958114,-0.928556283958114,-0.320287311810535,-0.142367780054514,-0.183835500220163,-0.452110388187129,2.00053895497416,0.955174593214407
"k141_173944_23_-",-1.06816523657806,-1.06816523657806,-0.476021890314726,-0.0599437321274658,-0.0927784564187515,-0.0675400966323365,1.89736531623001,0.935249332419398
"k141_173944_24_Bacterial_Fe_2+__trafficking",-1.05718664492798,-1.05718664492798,-1.05718664492798,0.296002756773246,-0.0279885683379233,0.387480375154841,1.60676946612944,0.909295905064341
"k141_175012_7_Helicase",-0.17462567333106,-1.2688490566938,-0.694775746207469,-0.357256244335218,-0.188744018341341,-0.196487616079478,1.95302118481664,0.927717170171726
"k141_175746_1_transporter__dctM_subunit",1.29995725414817,1.1072565988714,0.797738315926869,-0.286780672766608,-0.613663240947038,0.124905746691988,-1.32019200333852,-1.10922199858626
"k141_179467_12_Part_of_a_membrane_complex_involved",-0.84685729357452,-0.84685729357452,-0.84685729357452,0.504062613207072,-0.527655024532294,-0.225199083725025,1.8277004990527,0.961662876721107
"k141_179467_20_response_regulator_receiver",-0.463604917023901,-1.008832295906,-0.325319205733239,-0.235806731457767,0.390190847720822,-1.008832295906,2.00389443723172,0.64831016107437
"k141_179467_21_-",-1.07549127995201,-0.476537927847686,-1.07549127995201,0.155351356892608,-0.161101359777753,0.185214860064274,2.05428927863044,0.393766351942129
"k141_179467_4_Catalyzes_the_attachment_of_threonin",-1.38245657212771,-0.663755141658669,-0.71191709068734,0.288708580537162,0.00247014884749573,-0.167277408849109,1.8464998477085,0.787727636229671
"k141_181027_12_ATP_synthase_I_chain",-0.420179941596866,-1.57879068266784,-0.570488966788123,0.120938695763542,-0.384970068677989,0.184168987561771,1.71144990386015,0.937872072545361
"k141_181027_13_it_plays_a_direct_role_in_the_trans",-1.25840647273338,-0.779195194924671,-0.812229420702205,-0.0716077576726575,0.0793130541324893,0.218231633195356,1.88120001542299,0.742694143282086
"k141_181027_22_Catalyzes_the_last_two_sequential_r",-0.865358884791545,-0.731136934627968,-0.950741843310988,0.0439332413007177,-0.414536173343181,0.223341832791072,2.03966146875954,0.65483729322235
"k141_181027_9_Specifically_methylates_the_N7_posit",-0.987012512563008,-0.987012512563008,-0.987012512563008,0.225777545902646,0.0468312959986613,0.0394193589246737,1.83149140906761,0.817517927795427
"k141_181756_13_Phosphoglycerate_mutase_family",-0.970203462135718,-0.970203462135718,-0.970203462135718,-0.0936228352598776,-0.0650617838798733,0.277751754982516,1.70367953188269,1.0878637186817
"k141_183573_21_Transcription_factor_that_acts_by_b",-0.634187905627789,-1.22730727738588,-0.754135170749833,-0.0179054416762098,0.269490220571341,-0.146296494508821,2.05440372630474,0.455938343072447
"k141_183573_3_SMART_Adenylyl_cyclase_class-3_4_gua",-0.589032402393954,-0.900812924584197,-0.693257040170487,-0.188194841185691,-0.144476412433896,-0.154516041896502,2.2613149559901,0.408974706674633
"k141_183573_4_SMART_cyclic_nucleotide-binding",-0.160712199156366,-1.03725526844033,-1.03725526844033,-0.150575973236102,-0.284852314611606,0.00579890385833991,2.0965623705893,0.568289749437096
"k141_183573_9_Provides_the_precursors_necessary_fo",-0.268650188409694,-0.678789273879203,-0.476011972366854,-0.364485328199544,0.417342898836169,-1.35447731239638,1.80176497153376,0.923306204881742
"k141_183936_4_TIGRFAM_TIGR02449_family_protein",-0.30290768402157,-0.839133707457512,-0.839133707457512,0.434370514653933,-0.379915942073905,-0.839133707457512,1.94764922095038,0.818205012863702
"k141_183936_6_Belongs_to_the_5-formyltetrahydrofol",-0.117379619222018,-0.871591953313031,-0.871591953313031,-0.108658009436841,0.0323739243672756,-0.871591953313031,2.01687115067229,0.791568413558388
"k141_183936_9_Catalyzes_the_reversible_conversion_",-0.655682451385072,-1.07395369435166,-0.908046712832446,-0.0930068616550574,-0.469386360122227,0.661658184216348,1.86233922921215,0.676078666917969
"k141_189812_1_HflC_and_HflK_could_regulate_a_prote",-1.0249528793965,-1.0249528793965,-1.0249528793965,-0.270999854735316,0.813406505721448,0.200483144732538,1.58676398810191,0.745204854368923
"k141_189812_11_3'-to-5'_exoribonuclease_specific_f",-0.343516889739549,-1.56263910507202,-0.46716106837841,-0.451116658935159,0.259640697834823,-0.00415214921163598,1.85510350312398,0.713841670377975
"k141_189812_12_Cytochrome_c",-0.365406430502828,-1.4070898688738,-0.473845384886637,0.246290837191723,0.0131785886344346,-0.676096633140061,1.87847878986416,0.784490101713003
"k141_189812_15_Responsible_for_synthesis_of_pseudo",-0.765334539572566,-0.765334539572566,-0.765334539572566,-0.765334539572566,-0.12057487560927,0.715459531833184,1.97110719151868,0.495346310547672
"k141_189812_16_Endoribonuclease_that_plays_a_centr",-0.0721091871998679,-1.08910268594119,-0.914257843545182,0.378160020057559,-0.661327397310593,-0.145831609821657,2.03803988457526,0.466428819185669
"k141_189812_17_low_molecular_weight",-0.915473692499435,-0.915473692499435,-0.270123977491825,-0.915473692499435,0.0666589212089426,0.254055542409266,1.94374155925379,0.75208903211813
"k141_189812_3_GTPase_that_associates_with_the_50S_",-0.746425820942724,-1.16426504887546,-0.502047737788275,0.283535516011403,-0.525584546885536,-0.177099770295619,1.88364792576236,0.94823948301385
"k141_189812_30_aminotransferase_class_I_and_II",-1.40934319261455,-0.68271004083327,-0.545753369000414,0.021502917095334,0.246058756400184,-0.0954514363320827,1.98778674940434,0.477909615880461
"k141_189812_33__GGDEF__domain",-0.124260243421923,-1.32439527641591,-0.545541238034606,-0.317725333952181,-0.286019931773809,-0.293300854234242,1.9378086145442,0.953434263288474
"k141_189812_39_Binds_together_with_S18_to_16S_ribo",-0.504797984696826,-1.11643875812337,-0.193916409815188,0.0623390226845843,0.0517527286924515,-1.11643875812337,1.75442792583949,1.06307223354222
"k141_189812_41_3'-5'_exoribonuclease_that_releases",-0.745300701545721,-1.33600583855751,-0.595480492219098,0.0668829678961313,-0.135262983439673,0.169497203567248,1.97211628441445,0.603553559884172
"k141_189812_5_Catalyzes_the_transfer_of_a_dimethyl",-0.410620193136583,-1.25901532469791,-0.634064208122307,-0.276614167514241,-0.0389022189718634,-0.252778512821117,1.9736457705091,0.898348854754928
"k141_189812_6_This_protein_is_involved_in_the_repa",-0.414207372498972,-0.873587916372011,-1.12800608711129,-0.110483538948986,-0.253239502238457,-0.0756583239431738,1.99096664066829,0.864216100444601
"k141_196338_23_Rhodanese_Homology_Domain",-0.115798368866969,-0.511309794393869,-1.02186121163003,-0.267024139450425,0.213497275118162,-1.02186121163003,1.99810624594877,0.726251204904384
"k141_196338_28_chlorophyll_binding",-0.330351194069985,-0.847859116559315,-0.847859116559315,0.17197374061465,-0.847859116559315,-0.229820088056157,1.88673694205322,1.04503794913622
"k141_197578_11_PFAM_FAD-dependent_pyridine_nucleot",-0.894633862770768,-1.21227982092216,-0.388259171132407,0.00247275079794992,-0.144150016289651,-0.153346128929641,1.9618276773179,0.828368571928774
"k141_197578_3_reductase__dissimilatory-type_alpha_",-0.791101304637711,-1.43565014094863,-0.185809461830919,-0.0281731385736489,-0.0336181940655601,-0.299903945956633,1.79848393905906,0.975772246954046
"k141_197578_4_reductase__dissimilatory-type_beta_s",-0.922660189871523,-0.875253346769544,-0.573513390035418,0.0835033568212444,-0.0843360928243073,-0.379753199728023,2.12052871668614,0.631484145721437
"k141_197578_5_TIGRFAM_sulfur_relay_protein_TusD_Ds",-0.506854265100857,-0.527860727157235,-0.561700795400927,-0.00996524943954493,-0.15881243696956,-1.01876196556986,2.16997304093305,0.613982398704931
"k141_197578_6_Belongs_to_the_DsrF_TusC_family",-0.727840458330756,-1.1995962154358,-0.480315890760031,0.318502646183779,-0.240645092088306,-0.412779266482294,1.96700567832649,0.775668598586923
"k141_197578_7_sulfur_relay_protein_TusB_DsrH",-0.432215240921318,-0.967058428196215,-0.296563266266415,-0.967058428196215,0.12013227912951,-0.328316585801086,1.98828906672131,0.882790603530425
"k141_198283_1_iron_dependent_repressor",-0.866691151433513,-0.614172413669182,-0.800684236089471,0.325260428724765,-0.0233411290591881,-0.535895350577277,2.17239035923406,0.343133492869806
"k141_198365_1_Forms_part_of_the_polypeptide_exit_t",0.920068256626261,1.13202827612725,1.03503543102155,-0.117950795948443,-1.16007142735913,0.160816030734146,-1.47222275831964,-0.497703012881999
"k141_198365_11_One_of_the_proteins_that_surrounds_",1.05372712556353,1.05992664844108,1.02011123161104,0.0544106630714196,-0.901098294110984,0.0264713490456153,-0.814945103696951,-1.49860361992475
"k141_198365_12_This_is_1_of_the_proteins_that_bind",0.929992699295794,0.930259663684802,1.15502797819258,-0.314187013197653,-0.777915381640283,0.356825097354077,-1.64261668128441,-0.637386362404912
"k141_198365_16_This_is_one_of_the_proteins_that_bi",0.871798470212224,1.18419812966647,0.936680825992586,-0.0715449449376677,-0.847726124816067,0.310525605656267,-1.57830846784282,-0.805623493930989
"k141_198365_17_Located_at_the_back_of_the_30S_subu",0.993898582839435,1.11602336832803,0.836983162872284,-0.00555576389700432,-0.945264041379357,0.303392047427591,-1.61702706268614,-0.682450293504832
"k141_198365_8_Belongs_to_the_universal_ribosomal_p",0.882013766303842,1.15268318003098,0.965557395400202,0.348814804452695,-0.616751308147552,-0.141269690666169,-1.4983735231551,-1.0926746242189
"k141_198809_10_RNaseP_catalyzes_the_removal_of_the",-0.827671903015911,-0.846224155346209,-0.876110648523715,-0.206060609261135,0.143928220461106,-0.237940213453406,1.9951388322158,0.854940476923474
"k141_198809_11_it_binds_specifically_double-strand",-0.998463952790514,-0.998463952790514,-0.998463952790514,0.483476027239097,0.0497728720382153,0.0422577471035539,1.85927875177507,0.560606460215608
"k141_198809_14_A_type_II_topoisomerase_that_negati",-0.739160937434922,-1.0928458023618,-0.512966071391774,0.100451217544554,-0.454339920292783,-0.266517638945381,1.87760181233067,1.08777734055144
"k141_198918_9_TIGRFAM_glutamine_synthetase__type_I",-0.979361231160512,-1.01280015679942,-0.558355196388442,-0.0481180269280496,-0.049935917292884,-0.174749394742863,1.99578876164492,0.827531161667249
"k141_207353_8_carbamoyl_transferase__NodU_family",-0.725874160323504,-0.725874160323504,-0.725874160323504,0.0469636704476555,0.38215562701341,-0.725874160323504,2.15449633133663,0.319881012496321
"k141_208287_1_Putative_transposase",-0.19811859616204,-0.977346666853692,-0.176686469006649,-0.977346666853692,0.0221226863620724,-0.213687116930687,2.2079192463169,0.313143583127792
"k141_208287_2_Putative_transposase",-0.229158240732287,-1.19341493518273,-0.329537092744482,-0.390096814500351,0.590831243850854,-0.248423525106004,2.17112790530489,-0.371328540889894
"k141_226820_28_Functions_as_both_a_chaperone_and_a",-0.764411258055193,-1.32883109181565,-0.621257775304287,0.716844164471257,-0.0967807347669607,-0.387464537534553,1.74624480546803,0.735656427537355
"k141_226820_31_-",-0.937724103380594,-0.937724103380594,-0.275894461433985,-0.189221638848368,-0.302572850488858,-0.307237399148497,2.01884354280184,0.931531013879053
"k141_226820_36_-",-0.252551433647258,-0.978511398130962,-0.978511398130962,0.452109839920887,-0.978511398130962,0.232279558237327,1.83114061370794,0.672555616173993
"k141_226857_1_Proton_pump_that_utilizes_the_energy",0.598317210831279,1.03194135339128,1.17428964193173,-1.07678511626903,0.191980236869061,0.424044717448309,-0.977793948943524,-1.36599409525909
"k141_234601_19_protein_histidine_kinase_activity",-1.02141799537697,-0.854107526769463,-0.56450061848286,-0.354655909630331,-0.0206447771694022,0.0109724204927392,2.05410336042353,0.750251046512756
"k141_234601_21_LTXXQ_motif_family_protein",-0.834878771522905,-1.15890230146322,-0.994820389415024,0.361845416551302,0.180452196744671,0.16481861576468,1.9078826213176,0.373602612022893
"k141_234601_23_Calcineurin-like_phosphoesterase",-0.332099469323586,-1.59438137418057,-0.932137847944373,0.167138548048609,0.0246723104531879,0.295984839791379,1.71087564073997,0.659947352415388
"k141_234601_28_Binds_the_second_messenger_bis-_3'-",-0.702257203640264,-1.24169494399358,-0.565439915090425,-0.178645842511795,0.202353719593704,-0.341994727042842,1.89217010223054,0.935508810454661
"k141_234601_29_CBS_domain",-0.394473253534733,-0.924903152585805,-0.45130427893973,0.654387442241321,-0.470649121097189,-0.924903152585805,2.00605812856487,0.505787387937071
"k141_234601_31_Involved_in_targeting_and_insertion",-0.254655472545232,-1.26834740387886,-0.888664278283947,-0.238029391929886,-0.00610312985866583,-0.168564209367775,1.89337651984198,0.930987366022386
"k141_234601_32_Belongs_to_the_bacterial_ribosomal_",-0.900441484842898,-0.400622515379458,-0.961818277303986,0.074109825289885,-0.63463590060075,-0.0132832127487529,1.99790224189724,0.838789323688722
"k141_234601_36_TIGRFAM_Tyrosine_recombinase_XerD",-0.200799583992446,-1.26628238794957,-0.707287533851157,-0.0325040450205541,-0.0975800093942229,0.176456377463126,2.19316898513225,-0.0651718023874284
"k141_234601_38_Required_for_disulfide_bond_formati",-0.779057328743111,-1.11994458249208,-0.94978338318537,0.49000481742636,-0.018767405384155,-0.286601897822103,1.75942762823996,0.904722151960498
"k141_234601_39_PFAM_Thioredoxin",-1.2325224855896,-1.2325224855896,-0.580372308775354,0.55269896771623,0.102306654628978,-0.0337383362983954,1.64196565510154,0.782184338806193
"k141_234601_8_Required_for_chromosome_condensation",-0.604908425229528,-1.11298177445347,-0.476046069437131,0.0936615570898933,-0.164551961001647,-0.506210079727994,2.10569775822066,0.665338994539217
"k141_235579_12_Is_probably_a_protein_kinase_regula",-0.820281881349761,-0.820281881349761,-0.820281881349761,0.458948780641171,0.270199270264184,-0.820281881349761,1.89591283429007,0.656066640203623
"k141_235579_15_TIGRFAM_DJ-1_family_protein",-0.46571649108486,-1.39110884764691,-0.562049576400382,0.358687292629613,0.408275098117659,-0.741721972393874,1.83782619198721,0.55580830479154
"k141_235579_16_Belongs_to_the_peptidase_S41A_famil",-0.85314822002003,-1.32513049656893,-0.423581337715787,0.101118228955981,0.172601546695696,-0.278413024121973,1.94443032634585,0.662122976429191
"k141_235579_18_regulatory_protein__arsR",-0.705271573859395,-1.07460922759075,-0.287453669191138,-0.846489671962634,0.0142411741805308,0.0834524460490379,1.94480074403419,0.871329778340159
"k141_235579_24_Belongs_to_the_dihydroorotate_dehyd",0.229433300143776,-1.02651247264251,-1.02651247264251,0.243494556044759,0.056105985740341,-1.02651247264251,1.76064084085429,0.789862735144377
"k141_235579_7_Protease_subunit_of_a_proteasome-lik",-0.760645790767367,-0.23425551674971,-1.24897947186657,0.0701125232194249,-0.337398057933725,-0.263290239057368,2.00759633855795,0.766860214597363
"k141_235579_8_this_subunit_has_chaperone_activity_",-0.149243876428716,-0.849693412170218,-0.882995298245786,-0.618545376501882,0.0157709125448121,-0.315947566120893,2.13229847021625,0.668356146706433
"k141_235579_9_protein_conserved_in_bacteria",-0.283994938758545,-0.993483908776437,-0.35889579228296,-0.993483908776437,-0.0485497746016035,0.0282694832235397,2.1318364096384,0.518302430334045
"k141_23864_21_PFAM_PrkA_AAA",-0.514476823049222,-1.46983800808759,-0.72495850753427,0.293960764853524,0.116840599439312,-0.273725305836776,1.81818668108436,0.754010599130654
"k141_239481_1_Type_III_restriction_enzyme__res_sub",1.49827913641725,1.14745002888992,0.575239858602818,0.123606997077637,-0.834027632982491,-0.662641062767721,-1.27769259456428,-0.570214730673138
"k141_239940_4_May_be_involved_in_the_biosynthesis_",-0.744206891595719,-0.744206891595719,-0.744206891595719,-0.744206891595719,-0.186097473603244,0.342731815733605,1.98271434314246,0.837478881110053
"k141_239940_8_Domain_of_unknown_function__DUF3541_",-0.959128125157731,-0.959128125157731,-0.959128125157731,-0.223996831348713,0.428871061412912,0.0874509404161003,1.86576669881159,0.719292506181301
"k141_245017_3_Ribosomal_protein_L19",0.293421830678193,1.58097891768087,1.01652554169732,-0.637061482913173,-0.0204749264100062,-0.233077434658652,-1.6783407580558,-0.32197168801875
"k141_251933_26_Tetratricopeptide_repeat",-0.554973376052959,-1.30009415755283,-0.449734181061754,0.108831967957994,-0.082265290980426,-0.569860453146619,1.87144132264201,0.97665416819458
"k141_251933_27_4Fe-4S_dicluster_domain",-0.867858530508005,-0.887253687655227,-0.918498046638556,0.729700834048825,-0.07526129817616,-0.552205651982814,1.76886357509155,0.802512805820386
"k141_251933_32_Pyridine_nucleotide-disulphide_oxid",-0.505624697436964,-1.11719882170729,-0.571149632316434,0.534791534376366,0.379630651821132,-1.11719882170729,1.75494436834171,0.641805418628768
"k141_251933_38_Catalyzes_the_formation_of_L-homocy",-0.536888468768199,-0.357711501891932,-1.05622211011443,0.177163730992442,0.0774113307677586,-1.05622211011443,1.88963514238591,0.862833986742868
"k141_251933_44_Can_catalyze_the_hydrolysis_of_ATP_",-0.168278613754337,-0.949224518284498,-0.843411616940033,-0.642287286628837,-0.0973363254396818,-0.0813438046150875,2.11938244672788,0.662499718934592
"k141_251933_47_Belongs_to_the_aspartokinase_family",-1.02800256829716,-1.02800256829716,-1.02800256829716,0.604090705929957,-0.021920593855756,0.118167256141601,1.74379550563555,0.639874831040122
"k141_260350_8_Belongs_to_the_resistance-nodulation",-0.309818891632966,-1.18274991866606,-1.06463450588351,0.537156388980396,0.108457246993543,-0.552047477172731,1.83673917424403,0.626897983137299
"k141_26457_10_Transfers_a_succinyl_group_from_succ",-0.608658889577657,-0.630981651295555,-0.666942194193924,0.139286995622547,0.109598506241684,-1.1526435733601,1.89383030035989,0.916510506203111
"k141_26457_16_Catalyzes_the_transfer_of_a_ribosyl_",-1.17365307494234,-1.17365307494234,-0.339868471691591,0.3607228189987,-0.00664961125504725,-0.211216199837141,1.87133024688431,0.672987366785454
"k141_26457_18_TrkA-C_domain",-0.83135409396173,-0.83135409396173,-0.83135409396173,0.0271897148203625,-0.312772552443097,-0.108176172595529,2.01247338195911,0.87534791014434
"k141_26457_23_Urease__gamma_subunit",-0.681681266871697,-0.681681266871697,-0.681681266871697,0.199172094615486,-0.29888965467201,-0.681681266871697,2.12661078988003,0.699831837663285
"k141_26457_3_PFAM_Phosphoribulokinase_uridine_kina",-0.344585880393264,-1.34298974121465,-0.700747789332861,-0.126293986255097,-0.0891191555730163,-0.162418916735631,1.97911100633541,0.787044463169108
"k141_26457_6_Pyridoxal_5'-phosphate__PLP_-binding_",-0.452233314031569,-1.34683903257687,-0.776948501229147,0.169028597212154,-0.0493967710089159,-0.0584942294107433,2.02591723044298,0.488966020602116
"k141_27722_4_CoA-binding_domain",-1.02470980226233,-1.27438327516602,-0.388613341448572,0.190452611745868,0.0576187260407381,-0.134359499758964,1.9212401929333,0.652754387915973
"k141_27722_7_Part_of_the_ABC_transporter_complex_M",-0.702358699432293,-0.702358699432293,-0.702358699432293,0.170362036282174,-0.1752139459408,-0.702358699432293,2.11669992063516,0.697586786752643
"k141_28580_9_Transcriptional_regulator_containing_",-0.475639083148565,-1.1225494432222,-0.755135767585054,-0.463751755378915,0.0396996891679138,0.566152716337826,2.09593866870522,0.115284975123772
"k141_288091_1_Iron--sulfur_cluster_insertion_prote",-0.345541800300958,-1.30312057030962,-0.176827051049166,0.217241984747852,-0.336046595156911,-0.774027099546782,1.94964155843901,0.76867957317657
"k141_288091_10_-",-1.11565495387603,-0.342062644883764,-1.11565495387603,-0.300196585334154,0.139830790734965,-0.156382240230947,1.64889434972961,1.24122623773635
"k141_288091_14_Catalyzes_the_conversion_of_1-hydro",-0.0940669860776832,-0.9973201840746,-0.523437463721912,-0.9973201840746,-0.358779852789041,0.0739808930512002,1.89430355199366,1.00264022569297
"k141_288091_15_PFAM_FAD_dependent_oxidoreductase",-0.76351498235263,-0.76351498235263,-0.76351498235263,-0.76351498235263,0.603729748661734,-0.0154850707831863,2.02768044321513,0.438134808316846
"k141_288091_5_PFAM_FAD-dependent_pyridine_nucleoti",-0.427850787876234,-1.27216344823285,-0.734311095336365,0.355028601943253,-0.147664144647043,-0.552748749878858,1.80371293643466,0.975996687593438
"k141_29030_5_ABC-type_oligopeptide_transport_syste",-0.780294408646772,-0.780294408646772,-0.780294408646772,0.761254945040723,-0.224421222568739,-0.780294408646772,1.83773214467423,0.746611767440871
"k141_29030_6_Specifically_methylates_the_50S_ribos",-0.800359564216758,-0.800359564216758,-0.800359564216758,0.497080100873174,0.163505121876548,-0.800359564216758,1.95449838821384,0.586354645903466
"k141_294638_11_Belongs_to_the_UPF0276_family",-0.675955984048192,-0.700620949892762,-0.523508971225652,0.150467732926672,-0.397063586994417,-0.559193661570741,2.25412405930011,0.451751361504984
"k141_294638_13_dna-binding_protein",-0.972104617135978,-0.498294689368687,-0.972104617135978,0.20131729402718,-0.248764442969222,-0.38203861912993,1.93056502647485,0.941424665237761
"k141_294638_3_The_glycine_cleavage_system_catalyze",-0.88452132250731,-0.88452132250731,-0.88452132250731,0.10205692082828,-0.109064155652885,-0.191677212543962,1.9390349311688,0.913213483721694
"k141_294638_9_Protein_of_unknown_function__DUF255",-0.553924458795005,-0.848175162863696,-0.892120670017663,0.310027044992158,-0.134363569856976,-0.691756394972299,1.96918669194766,0.84112651956582
"k141_299557_40_Catalyzes_the_synthesis_of_the_hydr",-0.820534199360301,-1.17685709494845,-0.72307860045502,0.455184839004408,-0.215404943273799,-0.226827444819793,1.82731957966278,0.880197864190172
"k141_299557_43_type_I_secretion_outer_membrane_pro",-0.211487178413183,-0.927319245296749,-0.471312863384316,0.0791494084235013,-0.489939114356953,-0.927319245296749,1.93289813998375,1.0153300983407
"k141_299557_46_Catalyzes_the_ADP_transfer_from_ATP",-0.864323530474968,-1.31784764606193,-0.437006040487121,0.405513803423387,-0.327867289035258,-0.161971570314361,1.78338331409523,0.920118958855022
"k141_299557_54_-",-0.487883153920314,-1.01205990164116,-0.544044207661298,0.0209149516149817,0.332948492684312,-1.01205990164116,1.92348371704963,0.778700003515007
"k141_300744_2_Catalyzes_the_ATP-dependent_aminatio",-0.736192014510628,-0.885551935654462,-0.51675025184428,-0.133738484857337,0.105995957037923,-0.703137832995436,2.05380323821144,0.815571324612777
"k141_300744_9_Nucleotidase_that_shows_phosphatase_",-0.490334991213231,-1.27353800797757,-0.774614321123932,0.0535629439330707,-0.334825167508689,0.0141599712235822,1.8961513412026,0.909438231464167
"k141_302027_3_Component_of_the_pyruvate_dehydrogen",-0.841202167271907,-1.45917728755065,-0.51695805978049,-0.24135760752577,0.434118136998112,0.248351060172118,1.80630378973606,0.569922135222531
"k141_302180_10_Methyl-accepting_chemotaxis-like_do",-0.467408539347895,-0.783369762419708,-0.830557673941704,-0.455838972396293,0.188429552389806,-0.615410044631524,1.96317121298711,1.00098422736021
"k141_302842_54_Belongs_to_the_bacterial_ribosomal_",-0.67707798181111,-0.854801315772454,-0.680821186516534,-0.0961182763100997,0.174805056849552,-0.835795299725682,1.80044416405162,1.1693648392347
"k141_302842_55_Yqey-like_protein",-0.660027091786398,-0.866414367147835,-0.521004514067665,0.216869866952075,-0.564670632783602,-0.476897712477263,2.07806946604873,0.794074985261959
"k141_302842_70_related_to_Ser_Thr_protein_kinases",-0.383774024384672,-1.09314325290926,-1.09314325290926,-0.0873967157365478,0.0985202698593629,0.0899768758079774,2.06798796833558,0.400972131936817
"k141_302855_3_Putative_restriction_endonuclease",-0.933640925288646,-0.933640925288646,-0.933640925288646,-0.295250220880608,0.318782672035125,0.613259542263389,1.94181259099029,0.222318191457736
"k141_3035_37_polysaccharide_export_protein",-0.233763469874547,-1.66090649771344,-0.561985351689359,0.0943300384400974,-0.0218429197678984,-0.145623326500408,1.83076354964215,0.699027977463406
"k141_3035_43_Belongs_to_the_prokaryotic_molybdopte",-0.721332590050587,-1.25236968751586,-0.220981160478642,0.182073217965075,-0.0931892221889412,-0.366680466948038,2.13888852510021,0.333591384116781
"k141_3035_52_Converts_o-succinylbenzoyl-CoA__OSB-C",0.0517692752015272,-1.25680442420312,-0.657283851492734,-0.304802937701508,-0.44897149704746,-0.136907830360441,2.04095851175321,0.712042753850526
"k141_3035_8_Catalyzes_the_condensation_of__S_-aspa",-0.614650859308616,-1.13293597459082,-0.450510298861027,0.015911197803079,-0.491347632214118,-0.19764982134872,2.04103067971401,0.830152708806216
"k141_307998_1_Multidrug_MFS_transporter",-0.672091150933458,-0.696628768706425,-0.892709067838471,-0.665062485525208,0.436331184754332,-0.280572612681505,1.98377181310321,0.786961087827528
"k141_313594_2_Belongs_to_the_anaerobic_coproporphy",-0.788922749863173,-1.58737301911814,-0.286170415572164,0.207160563875979,0.335253629287089,-0.305444865474366,1.75396452382527,0.671532333039504
"k141_317927_2_PFAM_peptidase",-0.996999170158224,-0.387585886496961,-0.428991046734782,0.226894735355201,-0.151206048034861,-0.996999170158224,2.02455148898377,0.710335097244079
"k141_318301_3_Belongs_to_the_GARS_family",-1.26141252079444,-1.26141252079444,-0.2504549030333,0.144615318884105,0.237894159141554,-0.210760627094811,1.65363943880153,0.947891654889811
"k141_318301_43_General__non_sugar-specific__compon",-0.38339069915731,-1.2295083384771,-0.657346401820759,0.411913280304737,0.0682412009497666,-0.60372398274533,2.06444118173146,0.329373759214534
"k141_318301_47_Necessary_for_normal_cell_division_",-0.857351876432899,-1.35355221904975,-0.304588613979864,0.44486927916284,-0.0803297249412075,-0.525965414294464,1.710025063109,0.966893506426342
"k141_318301_48_Cytochrome_c",-0.860929011277423,-1.07372524386677,-0.253885986056741,-0.236136538043801,-0.301165947473693,-0.309478324052477,1.82800877985632,1.20731227091459
"k141_318301_49_COG2863_Cytochrome_c553",-0.17203202086678,-1.09536175501738,-0.936619892805953,-0.156779631909928,-0.436024304851606,-0.1234373369345,1.90703489898095,1.01322004340519
"k141_318301_51_Cytochrome_C_oxidase__cbb3-type__su",-0.808506051154138,-0.808506051154138,-0.808506051154138,0.121232587753679,-0.246921084094379,-0.0253585292437567,2.19473154497923,0.381833634067639
"k141_318301_52_it_can_initiate_unwinding_at_a_nick",-0.587689562315213,-1.16775299165922,-0.649838395834088,-0.0246444153799366,0.0984451687999754,-0.475006421485944,1.99255244726785,0.813934170606577
"k141_318301_53_COG1235_Metal-dependent_hydrolases_",-0.101092981777337,-1.0224726476892,-0.539080057961049,-1.0224726476892,0.159326075164424,-0.375901646831717,1.79119358474523,1.11050032203885
"k141_318301_56_Bacterial_protein_of_unknown_functi",-0.512392637381497,-1.09267871892137,-1.09267871892137,-0.269946785239785,0.521393793256105,-0.124849673232116,1.87031426741857,0.700838473021459
"k141_321119_1_Belongs_to_the_5'-nucleotidase_famil",-0.392061936234977,-0.957373831327631,-0.957373831327631,-0.155872359245841,-0.473247261815413,-0.0145194542375706,1.92915961060706,1.021289063582
"k141_321119_10_Histone_deacetylase_domain",-0.748795075983978,-1.29097131735832,-0.611283222971255,-0.00333568920567242,-0.188874505845588,0.311130042335517,1.99431780096174,0.537811968067551
"k141_321119_13_Myo-inositol-1-phosphate_synthase",-0.775839890433296,-1.23725875233443,-0.190225078564239,-0.327958438586486,-0.682127767087,0.347953280473859,1.55868516831554,1.30677147821605
"k141_321119_15_Part_of_the_outer_membrane_protein_",0.0655124461658118,-0.870058730165638,-0.870058730165638,0.076331265160672,-0.298415934965312,-0.870058730165638,2.01676769130239,0.749980722833356
"k141_321119_18_Domain_of_unknown_function__DUF4115",-0.841054480130162,-1.13126467707588,-0.48659897030029,0.0110336630713295,-0.328820163826792,-0.0889894148889042,1.95907145167113,0.906622591479566
"k141_321119_27_AIR_synthase_related_protein__N-ter",-0.885669530351869,-0.885669530351869,-0.491838710568615,-0.885669530351869,0.193899105750403,0.130788826195952,1.83765134676377,0.986508022914098
"k141_321119_6_Part_of_the_MsrPQ_system_that_repair",-0.914751501071651,-0.914751501071651,-0.410742767680297,0.425875307154349,0.13899023055338,-0.914751501071651,1.91389548514568,0.676236248041844
"k141_321119_7_Part_of_the_MsrPQ_system_that_repair",-0.908145557245013,-1.28623997067231,-0.622338957523293,0.538270777844858,0.189784751831707,-0.254693056952678,1.87781754052103,0.465544472195698
"k141_328637_1_Belongs_to_the_CinA_family",-0.473167587320218,-1.30223400320634,-0.715952446595483,0.0447432691481317,0.228977710104163,-0.354352400835509,2.02089345519407,0.551092003511191
"k141_32866_12_Seven_times_multi-haem_cytochrome_Cx",-0.750422432329638,-1.15213420895307,-0.754831201568201,0.0938988159375392,0.0480625428038459,-0.351383664246487,1.81797308262556,1.04883706573045
"k141_32866_16_Molybdopterin_oxidoreductase_Fe4S4_d",-0.796938095346366,-1.44812548758108,-0.291999182584206,-0.502827609969986,0.336030034069127,-0.00443194251664665,1.62742598289667,1.08086630103248
"k141_32866_17_NapD_protein",-0.883949641836026,-1.47290682767762,-0.443021964621497,0.422343457884263,0.103702989365676,-0.115699234339091,1.8254262557657,0.564104965458594
"k141_32866_5_Nitrilase_cyanide_hydratase_and_apoli",-0.687477429779638,-1.48801777287769,-0.48924825395419,-0.131539530802734,0.0409588001206319,0.0901648655234111,1.83015727166115,0.83500205010906
"k141_32866_6_Flavocytochrome_c_sulphide_dehydrogen",-0.787907180906728,-1.18857350585372,-0.405370872318246,-0.0999665186166353,-0.00736253403095371,-0.331193820270829,2.00397881440046,0.816395617596652
"k141_331758_16_peptidase_M48__Ste24p",-0.497931429546609,-0.892846142558952,-1.40262728515745,0.308034473659304,0.0204280986814485,0.260685311074706,1.93726110428252,0.266995869565033
"k141_331758_4_Part_of_the_outer_membrane_protein_a",-0.738434751443371,-1.50774042267471,-0.347416086520277,0.258536873431129,-0.0993492848764056,-0.242891670782507,1.7516076349825,0.925687707883648
"k141_333490_6_FAD_dependent_oxidoreductase",-0.760084558682752,-0.870546546673183,-0.718896880566266,-0.356148881039576,-0.382489883051858,0.104157221957706,1.94558042149127,1.03842910656466
"k141_333490_8_4Fe-4S_dicluster_domain",-0.890733471042286,-0.440139877251857,-0.946065483590869,-0.180661326402638,0.17504576347255,-0.364753433536444,2.16549324038538,0.481814587966164
"k141_335000_11_The_RuvA-RuvB_complex_in_the_presen",-0.952138149246324,-0.952138149246324,-0.952138149246324,0.895041731121515,-0.111774537273409,-0.266610079471992,1.7436349139803,0.596122419382555
"k141_335000_12_The_RuvA-RuvB_complex_in_the_presen",-0.841191405287774,-0.841191405287774,-0.841191405287774,0.362183689471306,-0.318241828497764,-0.111922124289377,2.09394147754536,0.497613001633794
"k141_335000_13_Nuclease_that_resolves_Holliday_jun",-1.19103591005029,-1.19103591005029,-0.416896223237905,0.275533609319438,0.156922040435038,-0.161108420557233,1.84179472828442,0.685826085856828
"k141_335000_14_transcriptional_regulatory_protein",0.412757913247149,-1.34463209820237,-1.34463209820237,1.09121373482941,-0.024454717093047,-0.267695116475018,1.39413549749588,0.0833068844003678
"k141_335000_50_Belongs_to_the_mannose-6-phosphate_",-0.693003587530874,-1.41604664623099,-0.603239196021119,0.792841782030247,0.193558281642981,-0.424166135921525,1.77976573575022,0.370289766281058
"k141_347826_2_Belongs_to_the_SfsA_family",-0.185422574040338,-0.701398085377707,-0.701398085377707,-0.701398085377707,-0.701398085377707,0.159170697198476,2.10974313184529,0.722101086507397
"k141_347826_3_lipoprotein_releasing_system__transm",0.0947357657166552,-0.742048772516748,-0.742048772516748,-0.742048772516748,-0.0237735612378217,-0.742048772516748,1.99218577261271,0.905047112975446
"k141_347933_11_One_of_the_essential_components_for",-0.955289908473785,-0.978251242699312,-1.01524048510827,0.405377546717768,-0.145345285798301,0.138592329751701,1.84227246420968,0.707884581400518
"k141_347933_12_Participates_in_both_transcription_",-0.369937495655676,-1.08097297602612,-0.307492508674753,-1.08097297602612,0.0961568427159788,-0.0569924145206867,1.89935664371669,0.900854884470683
"k141_347933_15_PFAM_Flagellar_hook-length_control_",-0.844259137922897,-1.38055971418746,-0.670735600905273,0.250255611962894,0.0743436913903568,-0.0781250659329009,1.74186717452702,0.907213041068265
"k141_354519_11_Converts_2_5-diamino-6-_ribosylamin",-1.08105184520043,-1.08105184520043,-0.444377528416015,0.125096299207857,-0.470041904938139,0.213319948420274,1.83514029627888,0.902966579848008
"k141_354519_13_Catalyzes_the_reversible_interconve",-0.395351122780326,-1.19866371587324,-0.450706434546239,-0.159045757833589,-0.0285215947647202,-0.652945149226044,1.98531068939452,0.899923085629633
"k141_354519_3_Circularly_permuted_ATP-grasp_type_2",0.844140717078347,-1.11947055229753,-1.11947055229753,-0.0778984937499247,0.585155425294112,-1.11947055229753,1.29095772652992,0.716056281740139
"k141_354519_9_Catalyzes_the_conversion_of_D-ribulo",-0.263286468491271,-0.992581559194031,-0.992581559194031,-0.992581559194031,0.0751060074997521,0.688024193959153,1.70047567804193,0.777425266572526
"k141_355308_3_Belongs_to_the_AlaDH_PNT_family",-1.03810288654178,-1.03810288654178,-1.03810288654178,0.274206370283873,-0.109852817641698,0.370195169063804,1.61786265445373,0.961897283465631
"k141_355308_4_Belongs_to_the_class-II_pyridine_nuc",-0.631518113528187,-1.31193813716315,-0.658360579876692,0.0872896952683221,0.286776367337213,-0.550603349088157,1.70055666587838,1.07779745117227
"k141_35613_2_PFAM_transposase__IS4",0.127479576479504,-1.29169254966637,-0.962074740465289,-0.569263917534758,0.328594105477666,0.303826082738158,1.96352335208738,0.0996080908837056
"k141_35613_3_Putative_transposase",-0.203740555766754,-1.06191041444144,-0.752262310372707,-0.654338946086099,0.275774322153355,0.191449716096667,2.17326123785514,0.0317669505618365
"k141_35613_4_Phage_integrase__N-terminal_SAM-like_",-0.264493869858872,-1.29668024564254,-0.626820184032871,-0.67377883600148,0.311218564558236,0.719262437962562,1.94296563280664,-0.111673499791683
"k141_358250_2_PFAM_Aminotransferase_class_I_and_II",-0.372671079685811,-1.62524042111984,-0.589754488922194,-0.359049280037442,0.513841648373266,0.0429258792909994,1.75228084280036,0.637666899300666
"k141_358336_10_Protein_of_unknown_function__DUF284",-0.322313648275692,-1.1750038808606,-1.23194802667414,0.0447299332161587,0.394955182921245,0.194369479267724,1.94400369234319,0.151207268062113
"k141_358336_15_Protein_of_unknown_function__DUF153",0.159306855074347,-1.62466979161273,-0.830197723388191,0.087188687699522,-0.0735952245561374,-0.164269171782099,1.77710485544201,0.669131513123275
"k141_359974_3_phosphate-selective_porin_O_and_P",0.902696042955502,1.43228083158287,0.743717918952804,0.00312302245544542,-0.395197569477885,-0.0746147453260839,-1.36744593217433,-1.24455956896832
"k141_362726_2_Belongs_to_the_UDP-glucose_GDP-manno",0.890649885552753,1.06906350885019,1.00246967884242,-0.0306559227898409,-0.56473997299183,0.241662512582308,-1.67746997424528,-0.930979715800722
"k141_363128_6_COG0714_MoxR-like_ATPases",-0.883231531319492,-0.354915514570044,-0.883231531319492,-0.883231531319492,-0.0766798379612965,0.228793710454205,1.87743954966003,0.975056686375582
"k141_363128_8_Catalyzes_the_acyloin_condensation_r",-0.266856968426335,-0.976578230947345,-0.510483445098048,-0.705760940349097,-0.0980099006135307,-0.0383082868918156,2.25604762766228,0.339950144663895
"k141_369918_9_AAA_domain",-0.959731416715202,-0.959731416715202,-0.959731416715202,0.215505237533945,-0.217359138938088,0.11944386371522,1.77801956722141,0.983584720613116
"k141_370053_3_The_natural_substrate_for_this_enzym",1.02476500845995,1.13013041238313,0.895339441132768,-0.314655826712989,-1.00161916021779,0.409138548137497,-1.46202981603867,-0.681068607143892
"k141_370813_13_Catalyzes_the_synthesis_of_5_6-dihy",-0.81796379118995,-0.81796379118995,-0.81796379118995,-0.81796379118995,0.358207238339353,0.269632251996183,1.88206030126922,0.761955373155047
"k141_370813_25_Protein_of_unknown_function__DUF288",-0.828535654401232,-0.828535654401232,-0.828535654401232,0.704634826449013,0.146685201025972,-0.828535654401232,1.82442914280298,0.63839344732696
"k141_370813_30_ATPase_that_binds_to_both_the_70S_r",-0.676601681202346,-0.707058283284581,-0.489790333892516,-0.667877555352441,-0.336885611644591,-0.19064071964174,2.03320306684235,1.03565111817587
"k141_381307_10_PFAM_Lytic_transglycosylase_catalyt",-0.552595979206773,-1.4958085894377,-0.324175417650079,0.610220121571059,0.567583112718032,-0.0832736841109464,1.82939165206358,-0.551341215947175
"k141_384551_3_-",-0.933411020655218,-0.933411020655218,-0.933411020655218,0.237758334494084,0.210844930787783,-0.344477741153687,1.86384643421918,0.832261103618293
"k141_389277_20_Transcriptional_regulator",-0.457440884662598,-1.31486984253151,-0.683571266483562,0.618727582421671,-0.312806376435459,-0.443332971533329,1.82333152103674,0.76996223818805
"k141_389277_22_Catalyzes_the_ferrous_insertion_int",-1.20933330268492,-0.668188183613325,-0.705491792417284,0.130848704116506,0.36027818315458,-0.535410457176477,1.90879057937166,0.71850626924926
"k141_389277_24_Catalyzes_the_reversible_transfer_o",-1.35112028560184,-0.755530578801749,-0.572521183382436,0.123897376682596,-0.191746434433045,0.364975995007462,1.98268941279145,0.399355697737556
"k141_390169_10_Phage_integrase_family",-0.424312323933807,-1.03443488873228,-0.489681736635193,-1.03443488873228,-0.141215827066947,0.197082137621719,1.68442774417595,1.24256978330284
"k141_390169_20_AcnD-accessory_protein_PrpF",-0.751179572604178,-1.65883407746552,-0.474362273898798,1.21381141526501,0.482385049995316,0.00570572963925618,1.31711257105606,-0.134638841987143
"k141_390169_21_HAD-hyrolase-like",-0.19808536070378,-0.981125017051012,-0.482305395656577,-0.981125017051012,-0.308983086955136,-0.0493364840637054,1.81839912855111,1.18256123293011
"k141_390169_29_-",-0.719906245461883,-0.719906245461883,-0.719906245461883,-0.719906245461883,-0.0399662550988205,-0.0449597320954305,1.99659060577434,0.967960363267441
"k141_390169_30_Belongs_to_the_CDP-alcohol_phosphat",-0.184954522393168,-1.40295991515778,-0.763945616390238,0.00743232165977441,0.159302929196913,-0.548234121887495,1.78636004035754,0.94699888461445
"k141_390169_32_COG2197_Response_regulator_containi",-1.05664780385976,-1.05664780385976,-0.533419010928616,0.0981899345958519,-0.351615371937068,0.12620935757712,1.87986787567628,0.89406282273595
"k141_390169_33_PFAM_lipolytic_protein_G-D-S-L_fami",-0.080518706208979,-0.932691377956947,-0.932691377956947,-0.932691377956947,-0.412005854081041,0.616894319321257,1.69679812181735,0.976906253022258
"k141_390169_34_ATPases_associated_with_a_variety_o",-0.598878101108914,-1.32534463422159,-0.676712774593698,0.106274879044591,0.452684348924898,-0.457754688534772,1.91197656138253,0.587754409106961
"k141_400150_3_Citrate_transporter",-0.240079245276253,-0.883294197004702,-0.883294197004702,-0.883294197004702,-0.331174345070189,0.472777789141895,1.87006417764392,0.878294214574734
"k141_400150_4_Citrate_transporter",-0.78072441544161,-0.78072441544161,-0.78072441544161,0.138507025586213,0.168457740457567,-0.78072441544161,1.93216884458902,0.883764051133636
"k141_400150_6_-",-0.632769157983455,-1.17983484591333,-1.01760784310235,0.266367760633187,0.230562139751766,-0.159003656460072,1.92324345732076,0.569042145753496
"k141_400150_9_Chloride_channel",-0.874058696662225,-0.874058696662225,-0.874058696662225,0.299071959154134,-0.00254286302498779,-0.163118148191215,2.10897212250385,0.379793019544896
"k141_402410_4_Putative_restriction_endonuclease",-0.280760228238127,-1.04520459116422,-1.04520459116422,-0.271920296650486,-0.128975051769205,0.0556914816743749,2.04856688742131,0.667806389890577
"k141_402410_5_Belongs_to_the_resistance-nodulation",-1.16186696357657,-1.16186696357657,-0.639106623714805,0.228637762760849,0.862187974890829,-0.462638875816468,1.4472295575634,0.887424131469321
"k141_402762_1_Facilitates_transcription_terminatio",-0.517807859283135,-1.73009707257393,-0.4434074194744,0.100099694013607,0.0429615560578881,0.054325499147003,1.70378861159887,0.790136990514103
"k141_402762_4_smart_pdz_dhr_glgf",-0.679117925985021,-1.74175955024763,-0.421774890157546,0.267557037950506,0.460484748403161,-0.15037032384982,1.60991322052004,0.655067683366306
"k141_411118_38_Catalyzes_the_deamination_of_5-meth",-1.17311119652897,-0.662770161801629,-0.361703735954416,-0.124365909993863,-0.394000943006754,-0.0989205709609216,2.0825191027775,0.732353415469055
"k141_411118_43_subfamily_IA__variant_1",-0.854356220825103,-1.30631048292889,-0.739727317313302,0.244676480349948,0.287712051996827,-0.264815835924193,1.72737633639936,0.905444988245358
"k141_411118_44_PFAM_peptidase_S49",-0.99626196280765,-0.99626196280765,-0.99626196280765,0.814010840328093,0.0251272673031982,-0.270141171256587,1.63325941199481,0.786529540053441
"k141_411766_1_5'-nucleotidase__C-terminal_domain",-0.668325050135964,-0.668325050135964,-0.668325050135964,0.0358469267756834,-0.242987885572298,-0.668325050135964,2.14894046740359,0.731500691936884
"k141_416884_1_The_central_subunit_of_the_protein_t",0.678493701037783,1.517669689201,0.874856550960518,-0.678000770038486,-0.758380735606921,-1.08838984101254,-1.01553201326071,0.46928341871935
"k141_422130_15_-",-1.01610935401032,-1.01610935401032,-1.01610935401032,-0.0200609931397164,0.614013014330847,-0.177107108782507,1.44110545619312,1.19037769342922
"k141_422130_7_Stereospecific_condensation_of_phosp",-0.543476068628072,-0.986701371252012,-0.310921087123171,0.0659317900806369,-0.159324592432885,-0.986701371252012,1.88743819725123,1.03375450335628
"k141_427592_4_Interacts_with_and_stabilizes_bases_",-1.37012428180941,-0.672801066032645,-0.468070653458869,0.443303447777415,-0.141033506989092,-0.508828479306321,1.73503641239558,0.982518127423345
"k141_435897_1_-",-0.674358967508581,-1.52462690988623,-0.759551653755075,0.471579893188643,-0.155059284788721,0.164419834778252,1.62682272440443,0.850774363567274
"k141_435897_2_AAA_domain",-0.728742096108624,-1.14832535615334,-0.773696852531238,0.291572927602502,-0.365081610620225,-0.0789527794775188,1.8477668744657,0.955458892822737
"k141_435897_4_Histidine_kinase",-0.167921318233491,-1.40423151101435,-0.755613782725111,-0.374266786516157,-0.0481526915636402,0.0620909378016687,1.92275593885413,0.765339213396943
"k141_441088_3_PFAM_Major_Facilitator_Superfamily",-1.08078249232848,-1.08078249232848,-0.226121795680034,0.335269317781514,-0.551367272169453,-0.192564367623183,1.75131104817343,1.04503805417469
"k141_441355_16_Protein_of_unknown_function__DUF129",-1.11956029717671,-1.11956029717671,-0.695356405438404,0.163805289258093,0.0995394095910516,-0.0247105064091537,1.75932987128078,0.936512936071063
"k141_441355_17_Activates_fatty_acids_by_binding_to",-0.95087812694414,-0.95087812694414,-0.608399339281001,0.365451553822432,-0.389323631703276,-0.311132227927931,1.86536285472318,0.97979704425488
"k141_441527_4_May_be_involved_in_recombination",-0.409513319670579,-0.97161081970365,-0.469737257577573,0.701966210486715,-0.49023702094818,-0.97161081970365,1.84505295002466,0.765690077092255
"k141_44158_2_TIGRFAM_FeS_assembly_protein_SufB",-0.487369863426412,-0.925975988466854,-0.456951072239756,0.182460787452408,-0.707386717246027,-0.495893690953671,2.05274807189484,0.838368472985468
"k141_44285_10_NiFe_NiFeSe_hydrogenase_small_subuni",-0.315675956576103,-1.34177207093421,-0.557384870790179,0.0106509600401068,0.0183226416225182,-0.146819949305054,2.17792674577125,0.154752500171674
"k141_445026_11_Alpha_amylase__catalytic_domain",-0.736216689261724,-1.20697746328309,-0.489214177339117,0.194655559582939,-0.179371867191126,-0.421819994987468,1.91143745897854,0.927507173501041
"k141_445026_12_Belongs_to_the_glycosyl_hydrolase_5",-0.984046647106561,-0.984046647106561,-0.984046647106561,0.101538034464848,0.0442785838776153,0.127877194817896,1.82876193681679,0.849684191342536
"k141_445525_8_ABC_transporter_transmembrane_region",-0.940019602398924,-0.940019602398924,-0.439836903182926,0.573208530594916,0.359856571564397,-0.940019602398924,1.86715454153954,0.459676066680848
"k141_445525_9_Peptidase_S24-like",-0.83135409396173,-0.83135409396173,-0.83135409396173,0.0271897148203625,-0.312772552443097,-0.108176172595529,2.01247338195911,0.87534791014434
"k141_447245_15_RF-1_domain",-0.205941204508139,-1.35491395574248,-1.35491395574248,0.859430817777565,0.0221944718889517,0.0123215675632366,1.51233719381359,0.509485064949744
"k141_447245_20_Sigma_factors_are_initiation_factor",-0.555065841480066,-1.44139618849301,-0.536846108013009,0.238799337207438,0.599849238613305,-0.732627768467995,1.67550166479188,0.751785665841462
"k141_447245_36_Belongs_to_the_BI1_family",-0.657534920187975,-1.58861601946319,-0.680910490986912,0.168656174393876,0.171729911906043,0.135634660168492,1.72560774851064,0.725432935659024
"k141_447245_37_Metallo-beta-lactamase_superfamily",-0.478231787399408,-0.847715898779755,-0.517818848683405,0.0297864142018498,-0.403191203931474,-0.847715898779755,1.85314306911302,1.21174415425892
"k141_447245_46_small_GTP-binding_protein",-0.700742512084432,-1.52233607758021,-0.917127729457101,0.390040495453473,-0.131773007812036,0.524893191729279,1.43099942886766,0.926046210883369
"k141_447245_50_Catalyzes_the_anaerobic_formation_o",-0.480806213623734,-1.20341967482928,-1.20341967482928,0.220606738580485,0.145496089510234,0.00178982236373321,1.82022034097153,0.699532571856308
"k141_447657_2_Transcriptional_regulator",-0.244801334882598,-1.75962132969421,-0.587897861978483,0.821912401770444,-0.126566552211032,1.45529262709708,-0.322851880558303,0.764533930457101
"k141_455273_1_TIGRFAM_formate_dehydrogenase__alpha",1.37657476799414,1.01731600943422,0.742821479095358,-0.161320182356086,-0.707345698888312,0.166250464356896,-1.19046145985866,-1.24383537977756
"k141_457880_14_EamA-like_transporter_family",-0.317409282147704,-0.883452591564162,-0.933822042423701,-0.533838770969872,0.785308983789218,-0.343317152159193,2.04826776291641,0.178263092559004
"k141_457880_19_-",-0.378739439302796,-1.50147340339383,-0.67443678051179,0.0653067568064157,0.191315502443356,-0.401171006766865,1.73859043990245,0.960607930823057
"k141_457880_21_Belongs_to_the_DEAD_box_helicase_fa",-0.72259630286955,-0.906381609837131,-0.426802113523541,-0.182983006679915,-0.341114664587466,-0.466461884543915,2.00620488648547,1.04013469555605
"k141_457880_22_cold-shock_protein",-0.752375798444666,-1.19520751363046,-0.640060641340693,-0.143509098547238,-0.228567186390129,0.113336164374182,1.90230474719805,0.944079326780956
"k141_457956_12_ABC-2_type_transporter",-0.0728666515813682,-1.21558344696424,-1.21558344696424,-0.0596524285651023,-0.0219894866793075,0.144207717836741,1.9398249757443,0.501642767173209
"k141_457956_9_COG1051_ADP-ribose_pyrophosphatase",-0.439345702082497,-1.32526922748661,-0.532872777222866,-0.0796498997657016,-0.14535042000784,-0.271052655715456,2.014754267693,0.778786414587972
"k141_469349_1_Succinyl-CoA_synthetase_functions_in",0.31036883365903,1.96835863889676,0.846857582808136,-0.944099308112981,-0.538983430985318,-0.830356640369704,-0.641613278333018,-0.170532397562907
"k141_474591_1_Belongs_to_the_resistance-nodulation",0.592777041251472,1.51901808295188,1.03562609981759,-0.623820644768944,0.0152844380738069,-0.328133285784942,-1.51028891262387,-0.700462818916997
"k141_480101_1_-",-0.568724038452971,-1.29102301223675,-0.830897017702644,0.243340129315474,-0.329027851987065,0.0224011282467073,1.80086395824411,0.953066704573139
"k141_480101_13_Protein_of_unknown_function__DUF255",-0.241609159574749,-0.841855882145642,-0.841855882145642,0.00917632844314994,0.0369049525393654,-0.841855882145642,2.10614632286976,0.614949202159398
"k141_480101_14_Pentapeptide",-0.652401008261918,-0.652401008261918,-0.652401008261918,0.191458632485864,-0.142689064796707,-0.652401008261918,2.27075519040515,0.290079274953359
"k141_480101_22_Branched-chain_amino_acid_transport",-0.865476679086284,-0.865476679086284,-0.865476679086284,0.16103793817304,0.194484190379595,-0.000811766745117673,2.16403739342188,0.0776822820294605
"k141_480101_23_ABC_transporter__urea",-0.975400129620096,-0.975400129620096,-0.975400129620096,0.0568841312768958,0.247706740125823,0.238937919266963,1.96125008855897,0.421421509631629
"k141_480101_4_Belongs_to_the_peptidase_S33_family",-0.259288481403584,-0.986711165832616,-0.986711165832616,0.044631633525954,-0.986711165832616,0.867237607761023,1.69943186434122,0.608120873273231
"k141_480101_6_imidazoleglycerol-phosphate_dehydrat",-0.169288711379546,-1.04025612047178,-1.04025612047178,-0.03171734092125,-0.180526470105269,-0.429061528008435,1.89839878987563,0.992707501482432
"k141_480101_7_1-_5-phosphoribosyl_-5-__5-phosphori",-0.504641236724017,-1.54805699096544,-0.779448336333368,0.424905986877074,-0.12542663204012,0.0145399862664573,1.69169877045304,0.826428452466379
"k141_480234_10_Belongs_to_the_Smg_family",-1.25683702290503,-1.25683702290503,-0.380915377624499,0.558656626347289,0.136451937384634,-0.245761395178103,1.61942397995965,0.825818274921089
"k141_480234_11_Releases_the_supercoiling_and_torsi",-1.02351737532441,-1.04545537436743,-0.4279678629353,0.162231358592779,-0.0182321216556528,-0.326160902863587,2.03036655706458,0.648735721489017
"k141_480234_12_Catalyzes_the_conversion_of_N5-carb",-0.165702153133084,-0.720793146566903,-0.720793146566903,-0.720793146566903,0.211699640113865,-0.720793146566903,2.0607611033907,0.776413995896128
"k141_480234_18_TIGRFAM_Amino_acid_adenylation",-0.407282534405021,-1.76015320897761,-0.538368593651741,0.403714679625046,0.0290923655724025,-0.0432749712585392,1.70488911309169,0.611383150003779
"k141_480234_35_Sigma_54_modulation_protein",0.000351438798027125,-0.850097110872031,-0.850097110872031,0.0101859112102705,-0.120093049150551,-0.850097110872031,2.12995019460106,0.529896837157282
"k141_480234_40_Involved_in_the_biosynthesis_of_lip",-1.25518422420374,-0.413429391327898,-1.25518422420374,0.231133206528314,0.606234999089023,-0.211388372861138,1.68392722324761,0.61389078373157
"k141_480234_42_antiporter",-1.00728803995462,-1.00728803995462,-0.503135797822216,-0.206725547556177,-0.058737799284856,-0.0655382411283308,1.97641240536838,0.872301060332446
"k141_480234_43_ABC_transporter",-0.131007804832013,-0.761095311249574,-0.606691802664679,-0.520664877022928,-0.285435306059071,-0.637801168804184,2.1592470047771,0.783449265855344
"k141_480234_48_Cell_wall_formation__Adds_enolpyruv",-0.294791709517259,-1.16228028734557,-0.669588893569064,0.38048513870108,-0.595931055275635,-0.501249904305993,1.82190339947091,1.02145331184153
"k141_480234_53_Component_of_the_ubiquinol-cytochro",-0.897500209862753,-0.897500209862753,-0.282296129346939,0.267973629091885,-0.0731128440921441,-0.897500209862753,1.92035070340677,0.859585270528683
"k141_480234_54_Component_of_the_ubiquinol-cytochro",-0.949492918124434,-0.483557480204082,-0.515676541600962,-0.260619418000869,-0.364940578726546,-0.369233529136095,2.15334632205286,0.790174143740129
"k141_480234_56_PFAM_Glutathione_S-transferase",-0.953225545646162,-0.953225545646162,-0.953225545646162,-0.189620699926466,0.0521568068561678,0.287898046324205,1.84580559229673,0.863436891387849
"k141_480234_6_Attaches_a_formyl_group_to_the_free_",-1.33105925338589,-1.33105925338589,-0.218725742877984,0.474639598313056,0.184547816216722,-0.118524439958913,1.6156850100434,0.724496265035511
"k141_480234_60_BON_domain",-1.04276801922605,-1.04276801922605,-0.609165562442198,0.269031523559057,0.145822587111862,-0.462794762675587,1.81025312007688,0.932389132822076
"k141_480234_68_Transposase_zinc-ribbon_domain",0.0491589636046546,-0.79626401734447,-0.701437964426117,-0.757847577973532,0.0636178690709449,0.229329269616609,2.26246419223099,-0.349020734779079
"k141_480234_7_Removes_the_formyl_group_from_the_N-",-1.00233288898787,-1.65472264989797,-0.264028836095311,0.441022232341026,0.415166538778361,-0.124148798571441,1.54689152977399,0.642152872659219
"k141_483966_1_Protein_of_unknown_function__DUF3604",-0.420515065749276,1.73424210839013,1.26724229124885,-0.834100068531946,-0.601001094213807,-0.0904722469489607,-1.06974390977718,0.0143479855821876
"k141_486098_14_TIGRFAM_ATP-dependent_helicase_HrpA",-0.877487059943341,-0.877487059943341,-0.877487059943341,0.111104742801643,0.293850594920459,-0.0447657035306024,2.13806989892637,0.134201646712154
"k141_486291_10_Cytochrome_c-type_biogenesis_protei",-0.714931096285636,-0.873475809583901,-0.625662711841633,-0.0374156410793456,0.834028784886806,-0.846150867179126,1.95628089190637,0.307326449176461
"k141_486291_13_Required_for_the_export_of_heme_to_",-0.00973508101613669,-1.12742454096452,-1.12742454096452,0.00318972926613382,0.212189103585538,-0.175073281251584,2.08895564530719,0.135322966037901
"k141_486291_15_once_thought_to_export_heme__this_s",-1.12333121226908,-1.12333121226908,-0.370044286512534,0.0608093195688741,-0.00164848535608824,-0.121146560676085,1.9448409064679,0.733851531046091
"k141_486291_3_Fad_linked_oxidase",-0.400674312214799,-1.2963243805076,-1.2963243805076,0.606284514695664,-0.36079729596441,0.703114096042527,1.46732027523721,0.577401483219007
"k141_486291_32_Protein_of_unknown_function__DUF283",-1.19562478127073,-1.19562478127073,-0.290134962327586,0.581395083093011,-0.0652959275121543,-0.331980067254254,1.74164517872964,0.755620257812803
"k141_486291_33_-",-0.84776909040608,-0.84776909040608,-0.258045938307259,-0.180816139433102,0.0303588190961158,-0.84776909040608,1.91582921602924,1.03598131383325
"k141_486291_46_COG0741_Soluble_lytic_murein_transg",-0.0808600637587459,-1.49158450762191,-0.845263763970885,0.6636745702376,0.280109246797701,-0.627085839298489,1.73420190962318,0.366808447991548
"k141_486291_47_PFAM_methyltransferase",-0.648549845340097,-1.22792935015737,-0.710625402197488,-0.0861685575039593,-0.146391031898811,-0.058466415871866,1.88206224656479,0.996068356404799
"k141_486291_50_PFAM_Citrate_transporter",-0.801992986581104,-0.801992986581104,-0.363413270085876,-0.801992986581104,-0.381327703293341,0.189499006073067,1.91224524175174,1.04897568529773
"k141_486291_59_peptidylprolyl_isomerase",-0.633864997996878,-1.33380227693575,-0.36388729827515,0.563830706024077,-0.111553938526693,-0.737405716706701,1.74944255409874,0.867240968318354
"k141_486291_62_ATP-dependent_specificity_component",-0.689560125668268,-1.48579747358055,-0.235456507928305,-0.247530127007498,0.0501104230446901,0.0387583652084095,1.95372444581384,0.615751000117685
"k141_486291_63_Cleaves_peptides_in_various_protein",-0.445593199473382,-1.33067567489207,-0.750732171660527,-0.0995890029296017,-0.24730659533317,0.0146893186929948,1.82223745669098,1.03696986890478
"k141_486291_64_Involved_in_protein_export__Acts_as",-0.959781775458945,-1.57166025461474,-0.311700542572453,0.222896834293708,-0.00245727067889232,0.19271663754825,1.70094592892716,0.729040442555907
"k141_487992_11_Catalyzes_the_transfer_of_a_two-car",-0.939764621909915,-1.10043406757077,-0.573320727537755,-0.132921550044318,0.116702673808414,-0.201478671549752,1.9143141085909,0.91690285621319
"k141_487992_12_PFAM_alkyl_hydroperoxide_reductase_",-0.0732956188264621,-1.05016524371282,-0.41620420483147,-1.05016524371282,-0.441438346653839,0.178493011681443,1.8262726323519,1.02650301370407
"k141_491901_10_Isocitrate",0.170557802823748,-0.931474161183812,-0.931474161183812,-0.931474161183812,-0.0749601213827318,-0.0811007280328067,1.88583995378897,0.894085576354254
"k141_491901_12_Catalyzes_the_phosphorylation_of_py",-0.277412936550028,-1.4513299038839,-1.13200980816707,0.28946959776013,0.0576171964234963,0.150860243240428,1.74440413173891,0.618401479438037
"k141_491901_8_Malate_synthase",-0.919809645456774,-1.13765350623849,-0.517654676195419,-0.054647621895634,-0.26131574351782,-0.033142988245492,1.81126397895689,1.11296020259274
"k141_491901_9_Isocitrate_lyase",-0.790270027036536,-1.02896817748867,-1.055686345668,0.306598021874488,-0.249159331101685,0.0262510831156998,1.66943894206102,1.12179583424369
"k141_55232_1_Belongs_to_the_WrbA_family",-0.323403009764401,-0.919370554433714,-0.919370554433714,0.25507964710033,0.193132961205168,-0.919370554433714,1.94521208549761,0.688089979262434
"k141_55232_16_Belongs_to_the_bacterial_ribosomal_p",-0.434017708626111,-0.965697944705578,-0.965697944705578,0.082063742991156,-0.072532696431843,-0.330733488508951,2.12309985895999,0.563516181026915
"k141_55232_18_PFAM_Fatty_acid_desaturase",-0.604249478406437,-1.29352209621844,-0.65174643162086,0.0993738971422066,-0.044885278424989,-0.334523270483876,1.86750690171442,0.962045756297976
"k141_55232_19_Catalyzes_the_formation_of_N_7_-meth",-0.598535631348383,-0.840353710433337,-0.876468553923756,-0.287644596861837,-0.25373642842622,-0.105303290542383,2.03883209959852,0.923210111937398
"k141_55232_2_Arsenate_reductase_and_related",-0.211614843626965,-0.845175802955466,-0.845175802955466,-0.845175802955466,-0.0829414241586666,-0.0885392708664543,1.97813432745533,0.940488620063157
"k141_55232_20_Catalyzes_the_rearrangement_of_1-deo",-0.472135698673776,-1.40333822210672,-0.661687340185935,-0.245029717621837,0.0268669955800244,0.0406283645036705,1.91533587709707,0.799359741407504
"k141_55232_22_Phosphate-selective_porin_O_and_P",-0.22294684497641,-1.28826556479522,-1.28826556479522,0.575504413070702,0.387444045611839,-0.244231289465179,1.7205599628659,0.360200842483587
"k141_55232_32_Belongs_to_the_UPF0301__AlgH__family",-0.581465205377427,-1.2692170201941,-0.363654650908025,-0.459347746624685,-0.0654051672123559,-0.127612042206747,1.97102597873815,0.89567585378519
"k141_55232_36_glutamate--cysteine_ligase",-0.409426376348801,-1.27951605631007,-0.785347362811132,-0.189266536079915,0.283700485038058,-0.150536391742645,2.05197016289124,0.478422075363273
"k141_55232_5_COG0526_Thiol-disulfide_isomerase_and",-0.409299176594524,-1.77490981110604,-0.547800307261414,1.14281753687118,0.409269123289239,-0.499619035963194,1.19226320336372,0.487278467401038
"k141_55541_10_Dynamin_family",-0.307660050101021,-1.20841731569938,-1.20841731569938,0.317873823416207,0.0979465042212738,-0.136549135989506,1.88062335816089,0.564600131690918
"k141_55541_17_-",-0.875287128606487,-0.875287128606487,-0.875287128606487,1.00280582095799,0.292705164034113,-0.875287128606487,1.55656731113898,0.649070218294866
"k141_55541_23_Involved_in_peptide_bond_synthesis__",-0.867386181654132,-0.867386181654132,-0.867386181654132,-0.867386181654132,0.382377173764099,0.59180596556442,1.68397399663492,0.811387590653085
"k141_55541_3_Murein-degrading_enzyme_that_degrades",-0.216202518097568,-1.06399677718633,-0.619210032243362,-1.06399677718633,-0.227141282548723,0.31247117224355,1.52495777336698,1.35311844165178
"k141_55541_30_A_type_II_topoisomerase_that_negativ",-0.565766231136136,-0.965490257249103,-0.638637329482231,-0.812962520719957,0.14915470183752,-0.0141857160622248,1.97225558097565,0.875631771836478
"k141_55541_31_Catalyzes_the_reversible_conversion_",-0.343528548911772,-0.861248736382098,-0.707134771175955,-0.120674029699465,-0.597108336529677,-0.307109921494386,2.12504979321581,0.811754550977542
"k141_55541_32_Belongs_to_the_D-isomer_specific_2-h",-0.523785423614272,-1.03383584684446,-0.394421623661479,-0.310684311198932,-0.287122339222991,-0.424703011651372,2.08641973870799,0.888132817485521
"k141_55541_33_PFAM_Prephenate_dehydratase",-0.276808170758959,-0.791428626906762,-0.791428626906762,-0.0617976802622325,-0.791428626906762,-0.176837984051439,2.09059695446633,0.799132761326585
"k141_55541_35_PFAM_Prephenate_dehydrogenase",-0.949657407065462,-0.252418439386245,-0.949657407065462,-0.214684548030484,-0.505715753402621,-0.0850646379672041,1.95346860629112,1.00372958662635
"k141_55541_38_thus_facilitating_recognition_of_the",-0.107373387050117,-1.17276659495221,-0.645814905240174,-0.413906261847479,-0.196012778379483,-0.320807657502986,2.06199715942721,0.794684425545246
"k141_55541_41_Catalyzes_the_decarboxylation_of_oro",-0.297390633674114,-0.832093889002205,-0.832093889002205,-0.0739894691365151,-0.0492886502690465,-0.832093889002205,1.99336510593258,0.923585314153714
"k141_6600_18_Cytochrome_c",-0.59469575875957,-1.71242177773288,-0.712694256784754,1.31789797139048,0.239379920210408,0.491059674315318,1.07685343296906,-0.105379205608068
"k141_73063_14_COG0745_Response_regulators_consisti",-0.667337405310432,-1.09909078236557,-1.0614851699737,0.0276574639883904,0.0551049514503162,0.178337002842186,1.95050403768804,0.616309901680783
"k141_73063_6_Diguanylate_cyclase",-0.708764381595935,-1.28434299466554,-0.363719892797355,0.153483878212188,0.168188601742436,-0.359995571325446,2.11026620692752,0.284884153502124
"k141_73063_7_Belongs_to_the_argininosuccinate_synt",-0.658606635608438,-1.68172971663504,-0.766617887745998,0.290072699658213,0.0120657691995731,0.718622846108123,1.47524948221426,0.610943442809302
"k141_91609_13_PFAM_Toluene_tolerance",-0.788080771826255,-0.788080771826255,-0.788080771826255,0.602851244340504,-0.286519268397868,-0.788080771826255,1.57415105907697,1.26184005228541
"k141_91609_17_TIGRFAM_hopanoid_biosynthesis_associ",-0.794037806063777,-1.32048848587687,-0.850442492173026,0.373617342587146,0.245335050715585,0.0212521734251083,1.86951239896091,0.455251818424929
"k141_91609_5_PFAM_Cytochrome_bd_ubiquinol_oxidase_",-0.724898784995926,-0.756451297390292,-1.49380380196024,1.14487395220037,0.388093495622825,0.0582116039169892,1.48205662219307,-0.098081789586803
"k141_92968_2_Cysteine-rich_CPXCG",-0.137171950458959,-0.965076220886112,-0.965076220886112,-0.127598177053557,-0.459218918653879,-0.259642642851449,1.99484793687601,0.91893619391406
"k141_92968_22_Catalyzes_the_decarboxylation_of_fou",-1.02362519868457,-0.603760792655999,-0.66335639916449,-0.204969981551604,-0.388240939778297,0.000845613822311333,2.07350448420937,0.809603213803283
"k141_92968_27_Pyruvate_ferredoxin_oxidoreductase_a",-0.852001457631412,-1.1586253610871,-0.747684008879875,0.125019137071899,-0.292973046467927,0.212395376978471,1.87824609046034,0.835623269555602
"k141_92968_28_COG1013_Pyruvate_ferredoxin_oxidored",-0.568371274917562,-1.3702594300314,-0.651847607429186,-0.251221000345073,-0.341725338553379,0.430008175413063,1.70760966677668,1.04580680908685
"k141_92968_3_50S_ribosomal_protein_L31",-0.241283933843218,-0.949457164291242,-0.949457164291242,-0.949457164291242,0.69376198832101,0.231668221291687,1.90687441853932,0.25735079856493
"k141_92968_30_Fe-S_cluster",-0.691177152753434,-1.28664530117988,-1.28664530117988,0.756843194665108,0.307394046865747,0.230997009295779,1.50985919356904,0.459374310717516
"k141_92968_31_Oxidoreductase_required_for_the_tran",-0.776125163738988,-1.10163926535202,-0.881297766661916,0.150566450214825,-0.503689622267417,0.456955487901005,1.77316529553545,0.882064584369062
"k141_92968_32_Part_of_a_membrane_complex_involved_",0.0276676372711611,-0.597233156207901,-1.02822192468965,-1.02822192468965,-0.189259963762243,0.0074591571207778,1.92844891021576,0.879361264741756
"k141_92968_34_Part_of_a_membrane_complex_involved_",-0.991610592697248,-0.991610592697248,-0.991610592697248,0.0724718645874355,0.269172519843965,0.523284002618169,1.91307376539057,0.196829625651602
